,0
0,0.0
1,0.02
2,0.04
3,0.06
4,0.08
5,0.1
6,0.12
7,0.14
8,0.16
9,0.18
10,0.2
11,0.22
12,0.24
13,0.26
14,0.28
15,0.3
16,0.32
17,0.34
18,0.36
19,0.38
20,0.4
21,0.42
22,0.44
23,0.46
24,0.48
25,0.5
26,0.52
27,0.54
28,0.56
29,0.58
30,0.6
31,0.62
32,0.64
33,0.66
34,0.68
35,0.7000000000000001
36,0.72
37,0.74
38,0.76
39,0.78
40,0.8
41,0.8200000000000001
42,0.84
43,0.86
44,0.88
45,0.9
46,0.92
47,0.9400000000000001
48,0.96
49,0.98
50,1.0
51,1.02
52,1.04
53,1.06
54,1.08
55,1.1
56,1.12
57,1.1400000000000001
58,1.16
59,1.18
60,1.2
61,1.22
62,1.24
63,1.26
64,1.28
65,1.3
66,1.32
67,1.34
68,1.36
69,1.3800000000000001
70,1.4000000000000001
71,1.42
72,1.44
73,1.46
74,1.48
75,1.5
76,1.52
77,1.54
78,1.56
79,1.58
80,1.6
81,1.62
82,1.6400000000000001
83,1.6600000000000001
84,1.68
85,1.7
86,1.72
87,1.74
88,1.76
89,1.78
90,1.8
91,1.82
92,1.84
93,1.86
94,1.8800000000000001
95,1.9000000000000001
96,1.92
97,1.94
98,1.96
99,1.98
100,2.0
101,2.02
102,2.04
103,2.06
104,2.08
105,2.1
106,2.12
107,2.14
108,2.16
109,2.18
110,2.2
111,2.22
112,2.24
113,2.2600000000000002
114,2.2800000000000002
115,2.3000000000000003
116,2.32
117,2.34
118,2.36
119,2.38
120,2.4
121,2.42
122,2.44
123,2.46
124,2.48
125,2.5
126,2.52
127,2.54
128,2.56
129,2.58
130,2.6
131,2.62
132,2.64
133,2.66
134,2.68
135,2.7
136,2.72
137,2.74
138,2.7600000000000002
139,2.7800000000000002
140,2.8000000000000003
141,2.82
142,2.84
143,2.86
144,2.88
145,2.9
146,2.92
147,2.94
148,2.96
149,2.98
150,3.0
151,3.02
152,3.04
153,3.06
154,3.08
155,3.1
156,3.12
157,3.14
158,3.16
159,3.18
160,3.2
161,3.22
162,3.24
163,3.2600000000000002
164,3.2800000000000002
165,3.3000000000000003
166,3.3200000000000003
167,3.34
168,3.36
169,3.38
170,3.4
171,3.42
172,3.44
173,3.46
174,3.48
175,3.5
176,3.52
177,3.54
178,3.56
179,3.58
180,3.6
181,3.62
182,3.64
183,3.66
184,3.68
185,3.7
186,3.72
187,3.74
188,3.7600000000000002
189,3.7800000000000002
190,3.8000000000000003
191,3.8200000000000003
192,3.84
193,3.86
194,3.88
195,3.9
196,3.92
197,3.94
198,3.96
199,3.98
200,4.0
201,4.0200000000000005
202,4.04
203,4.0600000000000005
204,4.08
205,4.1
206,4.12
207,4.14
208,4.16
209,4.18
210,4.2
211,4.22
212,4.24
213,4.26
214,4.28
215,4.3
216,4.32
217,4.34
218,4.36
219,4.38
220,4.4
221,4.42
222,4.44
223,4.46
224,4.48
225,4.5
226,4.5200000000000005
227,4.54
228,4.5600000000000005
229,4.58
230,4.6000000000000005
231,4.62
232,4.64
233,4.66
234,4.68
235,4.7
236,4.72
237,4.74
238,4.76
239,4.78
240,4.8
241,4.82
242,4.84
243,4.86
244,4.88
245,4.9
246,4.92
247,4.94
248,4.96
249,4.98
250,5.0
251,5.0200000000000005
252,5.04
253,5.0600000000000005
254,5.08
255,5.1000000000000005
256,5.12
257,5.14
258,5.16
259,5.18
260,5.2
261,5.22
262,5.24
263,5.26
264,5.28
265,5.3
266,5.32
267,5.34
268,5.36
269,5.38
270,5.4
271,5.42
272,5.44
273,5.46
274,5.48
275,5.5
276,5.5200000000000005
277,5.54
278,5.5600000000000005
279,5.58
280,5.6000000000000005
281,5.62
282,5.64
283,5.66
284,5.68
285,5.7
286,5.72
287,5.74
288,5.76
289,5.78
290,5.8
291,5.82
292,5.84
293,5.86
294,5.88
295,5.9
296,5.92
297,5.94
298,5.96
299,5.98
300,6.0
301,6.0200000000000005
302,6.04
303,6.0600000000000005
304,6.08
305,6.1000000000000005
306,6.12
307,6.140000000000001
308,6.16
309,6.18
310,6.2
311,6.22
312,6.24
313,6.26
314,6.28
315,6.3
316,6.32
317,6.34
318,6.36
319,6.38
320,6.4
321,6.42
322,6.44
323,6.46
324,6.48
325,6.5
326,6.5200000000000005
327,6.54
328,6.5600000000000005
329,6.58
330,6.6000000000000005
331,6.62
332,6.640000000000001
333,6.66
334,6.68
335,6.7
336,6.72
337,6.74
338,6.76
339,6.78
340,6.8
341,6.82
342,6.84
343,6.86
344,6.88
345,6.9
346,6.92
347,6.94
348,6.96
349,6.98
350,7.0
351,7.0200000000000005
352,7.04
353,7.0600000000000005
354,7.08
355,7.1000000000000005
356,7.12
357,7.140000000000001
358,7.16
359,7.18
360,7.2
361,7.22
362,7.24
363,7.26
364,7.28
365,7.3
366,7.32
367,7.34
368,7.36
369,7.38
370,7.4
371,7.42
372,7.44
373,7.46
374,7.48
375,7.5
376,7.5200000000000005
377,7.54
378,7.5600000000000005
379,7.58
380,7.6000000000000005
381,7.62
382,7.640000000000001
383,7.66
384,7.68
385,7.7
386,7.72
387,7.74
388,7.76
389,7.78
390,7.8
391,7.82
392,7.84
393,7.86
394,7.88
395,7.9
396,7.92
397,7.94
398,7.96
399,7.98
400,8.0
401,8.02
402,8.040000000000001
403,8.06
404,8.08
405,8.1
406,8.120000000000001
407,8.14
408,8.16
409,8.18
410,8.2
411,8.22
412,8.24
413,8.26
414,8.28
415,8.3
416,8.32
417,8.34
418,8.36
419,8.38
420,8.4
421,8.42
422,8.44
423,8.46
424,8.48
425,8.5
426,8.52
427,8.540000000000001
428,8.56
429,8.58
430,8.6
431,8.620000000000001
432,8.64
433,8.66
434,8.68
435,8.700000000000001
436,8.72
437,8.74
438,8.76
439,8.78
440,8.8
441,8.82
442,8.84
443,8.86
444,8.88
445,8.9
446,8.92
447,8.94
448,8.96
449,8.98
450,9.0
451,9.02
452,9.040000000000001
453,9.06
454,9.08
455,9.1
456,9.120000000000001
457,9.14
458,9.16
459,9.18
460,9.200000000000001
461,9.22
462,9.24
463,9.26
464,9.28
465,9.3
466,9.32
467,9.34
468,9.36
469,9.38
470,9.4
471,9.42
472,9.44
473,9.46
474,9.48
475,9.5
476,9.52
477,9.540000000000001
478,9.56
479,9.58
480,9.6
481,9.620000000000001
482,9.64
483,9.66
484,9.68
485,9.700000000000001
486,9.72
487,9.74
488,9.76
489,9.78
490,9.8
491,9.82
492,9.84
493,9.86
494,9.88
495,9.9
496,9.92
497,9.94
498,9.96
499,9.98
500,10.0
501,10.02
502,10.040000000000001
503,10.06
504,10.08
505,10.1
506,10.120000000000001
507,10.14
508,10.16
509,10.18
510,10.200000000000001
511,10.22
512,10.24
513,10.26
514,10.28
515,10.3
516,10.32
517,10.34
518,10.36
519,10.38
520,10.4
521,10.42
522,10.44
523,10.46
524,10.48
525,10.5
526,10.52
527,10.540000000000001
528,10.56
529,10.58
530,10.6
531,10.620000000000001
532,10.64
533,10.66
534,10.68
535,10.700000000000001
536,10.72
537,10.74
538,10.76
539,10.78
540,10.8
541,10.82
542,10.84
543,10.86
544,10.88
545,10.9
546,10.92
547,10.94
548,10.96
549,10.98
550,11.0
551,11.02
552,11.040000000000001
553,11.06
554,11.08
555,11.1
556,11.120000000000001
557,11.14
558,11.16
559,11.18
560,11.200000000000001
561,11.22
562,11.24
563,11.26
564,11.28
565,11.3
566,11.32
567,11.34
568,11.36
569,11.38
570,11.4
571,11.42
572,11.44
573,11.46
574,11.48
575,11.5
576,11.52
577,11.540000000000001
578,11.56
579,11.58
580,11.6
581,11.620000000000001
582,11.64
583,11.66
584,11.68
585,11.700000000000001
586,11.72
587,11.74
588,11.76
589,11.78
590,11.8
591,11.82
592,11.84
593,11.86
594,11.88
595,11.9
596,11.92
597,11.94
598,11.96
599,11.98
600,12.0
601,12.02
602,12.040000000000001
603,12.06
604,12.08
605,12.1
606,12.120000000000001
607,12.14
608,12.16
609,12.18
610,12.200000000000001
611,12.22
612,12.24
613,12.26
614,12.280000000000001
615,12.3
616,12.32
617,12.34
618,12.36
619,12.38
620,12.4
621,12.42
622,12.44
623,12.46
624,12.48
625,12.5
626,12.52
627,12.540000000000001
628,12.56
629,12.58
630,12.6
631,12.620000000000001
632,12.64
633,12.66
634,12.68
635,12.700000000000001
636,12.72
637,12.74
638,12.76
639,12.780000000000001
640,12.8
641,12.82
642,12.84
643,12.86
644,12.88
645,12.9
646,12.92
647,12.94
648,12.96
649,12.98
650,13.0
651,13.02
652,13.040000000000001
653,13.06
654,13.08
655,13.1
656,13.120000000000001
657,13.14
658,13.16
659,13.18
660,13.200000000000001
661,13.22
662,13.24
663,13.26
664,13.280000000000001
665,13.3
666,13.32
667,13.34
668,13.36
669,13.38
670,13.4
671,13.42
672,13.44
673,13.46
674,13.48
675,13.5
676,13.52
677,13.540000000000001
678,13.56
679,13.58
680,13.6
681,13.620000000000001
682,13.64
683,13.66
684,13.68
685,13.700000000000001
686,13.72
687,13.74
688,13.76
689,13.780000000000001
690,13.8
691,13.82
692,13.84
693,13.86
694,13.88
695,13.9
696,13.92
697,13.94
698,13.96
699,13.98
700,14.0
701,14.02
702,14.040000000000001
703,14.06
704,14.08
705,14.1
706,14.120000000000001
707,14.14
708,14.16
709,14.18
710,14.200000000000001
711,14.22
712,14.24
713,14.26
714,14.280000000000001
715,14.3
716,14.32
717,14.34
718,14.36
719,14.38
720,14.4
721,14.42
722,14.44
723,14.46
724,14.48
725,14.5
726,14.52
727,14.540000000000001
728,14.56
729,14.58
730,14.6
731,14.620000000000001
732,14.64
733,14.66
734,14.68
735,14.700000000000001
736,14.72
737,14.74
738,14.76
739,14.780000000000001
740,14.8
741,14.82
742,14.84
743,14.86
744,14.88
745,14.9
746,14.92
747,14.94
748,14.96
749,14.98
750,15.0
751,15.02
752,15.040000000000001
753,15.06
754,15.08
755,15.1
756,15.120000000000001
757,15.14
758,15.16
759,15.18
760,15.200000000000001
761,15.22
762,15.24
763,15.26
764,15.280000000000001
765,15.3
766,15.32
767,15.34
768,15.36
769,15.38
770,15.4
771,15.42
772,15.44
773,15.46
774,15.48
775,15.5
776,15.52
777,15.540000000000001
778,15.56
779,15.58
780,15.6
781,15.620000000000001
782,15.64
783,15.66
784,15.68
785,15.700000000000001
786,15.72
787,15.74
788,15.76
789,15.780000000000001
790,15.8
791,15.82
792,15.84
793,15.860000000000001
794,15.88
795,15.9
796,15.92
797,15.94
798,15.96
799,15.98
800,16.0
801,16.02
802,16.04
803,16.06
804,16.080000000000002
805,16.1
806,16.12
807,16.14
808,16.16
809,16.18
810,16.2
811,16.22
812,16.240000000000002
813,16.26
814,16.28
815,16.3
816,16.32
817,16.34
818,16.36
819,16.38
820,16.4
821,16.42
822,16.44
823,16.46
824,16.48
825,16.5
826,16.52
827,16.54
828,16.56
829,16.580000000000002
830,16.6
831,16.62
832,16.64
833,16.66
834,16.68
835,16.7
836,16.72
837,16.740000000000002
838,16.76
839,16.78
840,16.8
841,16.82
842,16.84
843,16.86
844,16.88
845,16.9
846,16.92
847,16.94
848,16.96
849,16.98
850,17.0
851,17.02
852,17.04
853,17.06
854,17.080000000000002
855,17.1
856,17.12
857,17.14
858,17.16
859,17.18
860,17.2
861,17.22
862,17.240000000000002
863,17.26
864,17.28
865,17.3
866,17.32
867,17.34
868,17.36
869,17.38
870,17.400000000000002
871,17.42
872,17.44
873,17.46
874,17.48
875,17.5
876,17.52
877,17.54
878,17.56
879,17.580000000000002
880,17.6
881,17.62
882,17.64
883,17.66
884,17.68
885,17.7
886,17.72
887,17.740000000000002
888,17.76
889,17.78
890,17.8
891,17.82
892,17.84
893,17.86
894,17.88
895,17.900000000000002
896,17.92
897,17.94
898,17.96
899,17.98
900,18.0
901,18.02
902,18.04
903,18.06
904,18.080000000000002
905,18.1
906,18.12
907,18.14
908,18.16
909,18.18
910,18.2
911,18.22
912,18.240000000000002
913,18.26
914,18.28
915,18.3
916,18.32
917,18.34
918,18.36
919,18.38
920,18.400000000000002
921,18.42
922,18.44
923,18.46
924,18.48
925,18.5
926,18.52
927,18.54
928,18.56
929,18.580000000000002
930,18.6
931,18.62
932,18.64
933,18.66
934,18.68
935,18.7
936,18.72
937,18.740000000000002
938,18.76
939,18.78
940,18.8
941,18.82
942,18.84
943,18.86
944,18.88
945,18.900000000000002
946,18.92
947,18.94
948,18.96
949,18.98
950,19.0
951,19.02
952,19.04
953,19.06
954,19.080000000000002
955,19.1
956,19.12
957,19.14
958,19.16
959,19.18
960,19.2
961,19.22
962,19.240000000000002
963,19.26
964,19.28
965,19.3
966,19.32
967,19.34
968,19.36
969,19.38
970,19.400000000000002
971,19.42
972,19.44
973,19.46
974,19.48
975,19.5
976,19.52
977,19.54
978,19.56
979,19.580000000000002
980,19.6
981,19.62
982,19.64
983,19.66
984,19.68
985,19.7
986,19.72
987,19.740000000000002
988,19.76
989,19.78
990,19.8
991,19.82
992,19.84
993,19.86
994,19.88
995,19.900000000000002
996,19.92
997,19.94
998,19.96
999,19.98
1000,20.0
1001,20.02
1002,20.04
1003,20.06
1004,20.080000000000002
1005,20.1
1006,20.12
1007,20.14
1008,20.16
1009,20.18
1010,20.2
1011,20.22
1012,20.240000000000002
1013,20.26
1014,20.28
1015,20.3
1016,20.32
1017,20.34
1018,20.36
1019,20.38
1020,20.400000000000002
1021,20.42
1022,20.44
1023,20.46
1024,20.48
1025,20.5
1026,20.52
1027,20.54
1028,20.56
1029,20.580000000000002
1030,20.6
1031,20.62
1032,20.64
1033,20.66
1034,20.68
1035,20.7
1036,20.72
1037,20.740000000000002
1038,20.76
1039,20.78
1040,20.8
1041,20.82
1042,20.84
1043,20.86
1044,20.88
1045,20.900000000000002
1046,20.92
1047,20.94
1048,20.96
1049,20.98
1050,21.0
1051,21.02
1052,21.04
1053,21.06
1054,21.080000000000002
1055,21.1
1056,21.12
1057,21.14
1058,21.16
1059,21.18
1060,21.2
1061,21.22
1062,21.240000000000002
1063,21.26
1064,21.28
1065,21.3
1066,21.32
1067,21.34
1068,21.36
1069,21.38
1070,21.400000000000002
1071,21.42
1072,21.44
1073,21.46
1074,21.48
1075,21.5
1076,21.52
1077,21.54
1078,21.56
1079,21.580000000000002
1080,21.6
1081,21.62
1082,21.64
1083,21.66
1084,21.68
1085,21.7
1086,21.72
1087,21.740000000000002
1088,21.76
1089,21.78
1090,21.8
1091,21.82
1092,21.84
1093,21.86
1094,21.88
1095,21.900000000000002
1096,21.92
1097,21.94
1098,21.96
1099,21.98
1100,22.0
1101,22.02
1102,22.04
1103,22.06
1104,22.080000000000002
1105,22.1
1106,22.12
1107,22.14
1108,22.16
1109,22.18
1110,22.2
1111,22.22
1112,22.240000000000002
1113,22.26
1114,22.28
1115,22.3
1116,22.32
1117,22.34
1118,22.36
1119,22.38
1120,22.400000000000002
1121,22.42
1122,22.44
1123,22.46
1124,22.48
1125,22.5
1126,22.52
1127,22.54
1128,22.56
1129,22.580000000000002
1130,22.6
1131,22.62
1132,22.64
1133,22.66
1134,22.68
1135,22.7
1136,22.72
1137,22.740000000000002
1138,22.76
1139,22.78
1140,22.8
1141,22.82
1142,22.84
1143,22.86
1144,22.88
1145,22.900000000000002
1146,22.92
1147,22.94
1148,22.96
1149,22.98
1150,23.0
1151,23.02
1152,23.04
1153,23.06
1154,23.080000000000002
1155,23.1
1156,23.12
1157,23.14
1158,23.16
1159,23.18
1160,23.2
1161,23.22
1162,23.240000000000002
1163,23.26
1164,23.28
1165,23.3
1166,23.32
1167,23.34
1168,23.36
1169,23.38
1170,23.400000000000002
1171,23.42
1172,23.44
1173,23.46
1174,23.48
1175,23.5
1176,23.52
1177,23.54
1178,23.56
1179,23.580000000000002
1180,23.6
1181,23.62
1182,23.64
1183,23.66
1184,23.68
1185,23.7
1186,23.72
1187,23.740000000000002
1188,23.76
1189,23.78
1190,23.8
1191,23.82
1192,23.84
1193,23.86
1194,23.88
1195,23.900000000000002
1196,23.92
1197,23.94
1198,23.96
1199,23.98
1200,24.0
1201,24.02
1202,24.04
1203,24.060000000000002
1204,24.080000000000002
1205,24.1
1206,24.12
1207,24.14
1208,24.16
1209,24.18
1210,24.2
1211,24.22
1212,24.240000000000002
1213,24.26
1214,24.28
1215,24.3
1216,24.32
1217,24.34
1218,24.36
1219,24.38
1220,24.400000000000002
1221,24.42
1222,24.44
1223,24.46
1224,24.48
1225,24.5
1226,24.52
1227,24.54
1228,24.560000000000002
1229,24.580000000000002
1230,24.6
1231,24.62
1232,24.64
1233,24.66
1234,24.68
1235,24.7
1236,24.72
1237,24.740000000000002
1238,24.76
1239,24.78
1240,24.8
1241,24.82
1242,24.84
1243,24.86
1244,24.88
1245,24.900000000000002
1246,24.92
1247,24.94
1248,24.96
1249,24.98
1250,25.0
1251,25.02
1252,25.04
1253,25.060000000000002
1254,25.080000000000002
1255,25.1
1256,25.12
1257,25.14
1258,25.16
1259,25.18
1260,25.2
1261,25.22
1262,25.240000000000002
1263,25.26
1264,25.28
1265,25.3
1266,25.32
1267,25.34
1268,25.36
1269,25.38
1270,25.400000000000002
1271,25.42
1272,25.44
1273,25.46
1274,25.48
1275,25.5
1276,25.52
1277,25.54
1278,25.560000000000002
1279,25.580000000000002
1280,25.6
1281,25.62
1282,25.64
1283,25.66
1284,25.68
1285,25.7
1286,25.72
1287,25.740000000000002
1288,25.76
1289,25.78
1290,25.8
1291,25.82
1292,25.84
1293,25.86
1294,25.88
1295,25.900000000000002
1296,25.92
1297,25.94
1298,25.96
1299,25.98
1300,26.0
1301,26.02
1302,26.04
1303,26.060000000000002
1304,26.080000000000002
1305,26.1
1306,26.12
1307,26.14
1308,26.16
1309,26.18
1310,26.2
1311,26.22
1312,26.240000000000002
1313,26.26
1314,26.28
1315,26.3
1316,26.32
1317,26.34
1318,26.36
1319,26.38
1320,26.400000000000002
1321,26.42
1322,26.44
1323,26.46
1324,26.48
1325,26.5
1326,26.52
1327,26.54
1328,26.560000000000002
1329,26.580000000000002
1330,26.6
1331,26.62
1332,26.64
1333,26.66
1334,26.68
1335,26.7
1336,26.72
1337,26.740000000000002
1338,26.76
1339,26.78
1340,26.8
1341,26.82
1342,26.84
1343,26.86
1344,26.88
1345,26.900000000000002
1346,26.92
1347,26.94
1348,26.96
1349,26.98
1350,27.0
1351,27.02
1352,27.04
1353,27.060000000000002
1354,27.080000000000002
1355,27.1
1356,27.12
1357,27.14
1358,27.16
1359,27.18
1360,27.2
1361,27.22
1362,27.240000000000002
1363,27.26
1364,27.28
1365,27.3
1366,27.32
1367,27.34
1368,27.36
1369,27.38
1370,27.400000000000002
1371,27.42
1372,27.44
1373,27.46
1374,27.48
1375,27.5
1376,27.52
1377,27.54
1378,27.560000000000002
1379,27.580000000000002
1380,27.6
1381,27.62
1382,27.64
1383,27.66
1384,27.68
1385,27.7
1386,27.72
1387,27.740000000000002
1388,27.76
1389,27.78
1390,27.8
1391,27.82
1392,27.84
1393,27.86
1394,27.88
1395,27.900000000000002
1396,27.92
1397,27.94
1398,27.96
1399,27.98
1400,28.0
1401,28.02
1402,28.04
1403,28.060000000000002
1404,28.080000000000002
1405,28.1
1406,28.12
1407,28.14
1408,28.16
1409,28.18
1410,28.2
1411,28.22
1412,28.240000000000002
1413,28.26
1414,28.28
1415,28.3
1416,28.32
1417,28.34
1418,28.36
1419,28.38
1420,28.400000000000002
1421,28.42
1422,28.44
1423,28.46
1424,28.48
1425,28.5
1426,28.52
1427,28.54
1428,28.560000000000002
1429,28.580000000000002
1430,28.6
1431,28.62
1432,28.64
1433,28.66
1434,28.68
1435,28.7
1436,28.72
1437,28.740000000000002
1438,28.76
1439,28.78
1440,28.8
1441,28.82
1442,28.84
1443,28.86
1444,28.88
1445,28.900000000000002
1446,28.92
1447,28.94
1448,28.96
1449,28.98
1450,29.0
1451,29.02
1452,29.04
1453,29.060000000000002
1454,29.080000000000002
1455,29.1
1456,29.12
1457,29.14
1458,29.16
1459,29.18
1460,29.2
1461,29.22
1462,29.240000000000002
1463,29.26
1464,29.28
1465,29.3
1466,29.32
1467,29.34
1468,29.36
1469,29.38
1470,29.400000000000002
1471,29.42
1472,29.44
1473,29.46
1474,29.48
1475,29.5
1476,29.52
1477,29.54
1478,29.560000000000002
1479,29.580000000000002
1480,29.6
1481,29.62
1482,29.64
1483,29.66
1484,29.68
1485,29.7
1486,29.72
1487,29.740000000000002
1488,29.76
1489,29.78
1490,29.8
1491,29.82
1492,29.84
1493,29.86
1494,29.88
1495,29.900000000000002
1496,29.92
1497,29.94
1498,29.96
1499,29.98
1500,30.0
1501,30.02
1502,30.04
1503,30.060000000000002
1504,30.080000000000002
1505,30.1
1506,30.12
1507,30.14
1508,30.16
1509,30.18
1510,30.2
1511,30.22
1512,30.240000000000002
1513,30.26
1514,30.28
1515,30.3
1516,30.32
1517,30.34
1518,30.36
1519,30.38
1520,30.400000000000002
1521,30.42
1522,30.44
1523,30.46
1524,30.48
1525,30.5
1526,30.52
1527,30.54
1528,30.560000000000002
1529,30.580000000000002
1530,30.6
1531,30.62
1532,30.64
1533,30.66
1534,30.68
1535,30.7
1536,30.72
1537,30.740000000000002
1538,30.76
1539,30.78
1540,30.8
1541,30.82
1542,30.84
1543,30.86
1544,30.88
1545,30.900000000000002
1546,30.92
1547,30.94
1548,30.96
1549,30.98
1550,31.0
1551,31.02
1552,31.04
1553,31.060000000000002
1554,31.080000000000002
1555,31.1
1556,31.12
1557,31.14
1558,31.16
1559,31.18
1560,31.2
1561,31.220000000000002
1562,31.240000000000002
1563,31.26
1564,31.28
1565,31.3
1566,31.32
1567,31.34
1568,31.36
1569,31.38
1570,31.400000000000002
1571,31.42
1572,31.44
1573,31.46
1574,31.48
1575,31.5
1576,31.52
1577,31.54
1578,31.560000000000002
1579,31.580000000000002
1580,31.6
1581,31.62
1582,31.64
1583,31.66
1584,31.68
1585,31.7
1586,31.720000000000002
1587,31.740000000000002
1588,31.76
1589,31.78
1590,31.8
1591,31.82
1592,31.84
1593,31.86
1594,31.88
1595,31.900000000000002
1596,31.92
1597,31.94
1598,31.96
1599,31.98
1600,32.0
1601,32.02
1602,32.04
1603,32.06
1604,32.08
1605,32.1
1606,32.12
1607,32.14
1608,32.160000000000004
1609,32.18
1610,32.2
1611,32.22
1612,32.24
1613,32.26
1614,32.28
1615,32.3
1616,32.32
1617,32.34
1618,32.36
1619,32.38
1620,32.4
1621,32.42
1622,32.44
1623,32.46
1624,32.480000000000004
1625,32.5
1626,32.52
1627,32.54
1628,32.56
1629,32.58
1630,32.6
1631,32.62
1632,32.64
1633,32.660000000000004
1634,32.68
1635,32.7
1636,32.72
1637,32.74
1638,32.76
1639,32.78
1640,32.8
1641,32.82
1642,32.84
1643,32.86
1644,32.88
1645,32.9
1646,32.92
1647,32.94
1648,32.96
1649,32.980000000000004
1650,33.0
1651,33.02
1652,33.04
1653,33.06
1654,33.08
1655,33.1
1656,33.12
1657,33.14
1658,33.160000000000004
1659,33.18
1660,33.2
1661,33.22
1662,33.24
1663,33.26
1664,33.28
1665,33.3
1666,33.32
1667,33.34
1668,33.36
1669,33.38
1670,33.4
1671,33.42
1672,33.44
1673,33.46
1674,33.480000000000004
1675,33.5
1676,33.52
1677,33.54
1678,33.56
1679,33.58
1680,33.6
1681,33.62
1682,33.64
1683,33.660000000000004
1684,33.68
1685,33.7
1686,33.72
1687,33.74
1688,33.76
1689,33.78
1690,33.8
1691,33.82
1692,33.84
1693,33.86
1694,33.88
1695,33.9
1696,33.92
1697,33.94
1698,33.96
1699,33.980000000000004
1700,34.0
1701,34.02
1702,34.04
1703,34.06
1704,34.08
1705,34.1
1706,34.12
1707,34.14
1708,34.160000000000004
1709,34.18
1710,34.2
1711,34.22
1712,34.24
1713,34.26
1714,34.28
1715,34.300000000000004
1716,34.32
1717,34.34
1718,34.36
1719,34.38
1720,34.4
1721,34.42
1722,34.44
1723,34.46
1724,34.480000000000004
1725,34.5
1726,34.52
1727,34.54
1728,34.56
1729,34.58
1730,34.6
1731,34.62
1732,34.64
1733,34.660000000000004
1734,34.68
1735,34.7
1736,34.72
1737,34.74
1738,34.76
1739,34.78
1740,34.800000000000004
1741,34.82
1742,34.84
1743,34.86
1744,34.88
1745,34.9
1746,34.92
1747,34.94
1748,34.96
1749,34.980000000000004
1750,35.0
1751,35.02
1752,35.04
1753,35.06
1754,35.08
1755,35.1
1756,35.12
1757,35.14
1758,35.160000000000004
1759,35.18
1760,35.2
1761,35.22
1762,35.24
1763,35.26
1764,35.28
1765,35.300000000000004
1766,35.32
1767,35.34
1768,35.36
1769,35.38
1770,35.4
1771,35.42
1772,35.44
1773,35.46
1774,35.480000000000004
1775,35.5
1776,35.52
1777,35.54
1778,35.56
1779,35.58
1780,35.6
1781,35.62
1782,35.64
1783,35.660000000000004
1784,35.68
1785,35.7
1786,35.72
1787,35.74
1788,35.76
1789,35.78
1790,35.800000000000004
1791,35.82
1792,35.84
1793,35.86
1794,35.88
1795,35.9
1796,35.92
1797,35.94
1798,35.96
1799,35.980000000000004
1800,36.0
1801,36.02
1802,36.04
1803,36.06
1804,36.08
1805,36.1
1806,36.12
1807,36.14
1808,36.160000000000004
1809,36.18
1810,36.2
1811,36.22
1812,36.24
1813,36.26
1814,36.28
1815,36.300000000000004
1816,36.32
1817,36.34
1818,36.36
1819,36.38
1820,36.4
1821,36.42
1822,36.44
1823,36.46
1824,36.480000000000004
1825,36.5
1826,36.52
1827,36.54
1828,36.56
1829,36.58
1830,36.6
1831,36.62
1832,36.64
1833,36.660000000000004
1834,36.68
1835,36.7
1836,36.72
1837,36.74
1838,36.76
1839,36.78
1840,36.800000000000004
1841,36.82
1842,36.84
1843,36.86
1844,36.88
1845,36.9
1846,36.92
1847,36.94
1848,36.96
1849,36.980000000000004
1850,37.0
1851,37.02
1852,37.04
1853,37.06
1854,37.08
1855,37.1
1856,37.12
1857,37.14
1858,37.160000000000004
1859,37.18
1860,37.2
1861,37.22
1862,37.24
1863,37.26
1864,37.28
1865,37.300000000000004
1866,37.32
1867,37.34
1868,37.36
1869,37.38
1870,37.4
1871,37.42
1872,37.44
1873,37.46
1874,37.480000000000004
1875,37.5
1876,37.52
1877,37.54
1878,37.56
1879,37.58
1880,37.6
1881,37.62
1882,37.64
1883,37.660000000000004
1884,37.68
1885,37.7
1886,37.72
1887,37.74
1888,37.76
1889,37.78
1890,37.800000000000004
1891,37.82
1892,37.84
1893,37.86
1894,37.88
1895,37.9
1896,37.92
1897,37.94
1898,37.96
1899,37.980000000000004
1900,38.0
1901,38.02
1902,38.04
1903,38.06
1904,38.08
1905,38.1
1906,38.12
1907,38.14
1908,38.160000000000004
1909,38.18
1910,38.2
1911,38.22
1912,38.24
1913,38.26
1914,38.28
1915,38.300000000000004
1916,38.32
1917,38.34
1918,38.36
1919,38.38
1920,38.4
1921,38.42
1922,38.44
1923,38.46
1924,38.480000000000004
1925,38.5
1926,38.52
1927,38.54
1928,38.56
1929,38.58
1930,38.6
1931,38.62
1932,38.64
1933,38.660000000000004
1934,38.68
1935,38.7
1936,38.72
1937,38.74
1938,38.76
1939,38.78
1940,38.800000000000004
1941,38.82
1942,38.84
1943,38.86
1944,38.88
1945,38.9
1946,38.92
1947,38.94
1948,38.96
1949,38.980000000000004
1950,39.0
1951,39.02
1952,39.04
1953,39.06
1954,39.08
1955,39.1
1956,39.12
1957,39.14
1958,39.160000000000004
1959,39.18
1960,39.2
1961,39.22
1962,39.24
1963,39.26
1964,39.28
1965,39.300000000000004
1966,39.32
1967,39.34
1968,39.36
1969,39.38
1970,39.4
1971,39.42
1972,39.44
1973,39.46
1974,39.480000000000004
1975,39.5
1976,39.52
1977,39.54
1978,39.56
1979,39.58
1980,39.6
1981,39.62
1982,39.64
1983,39.660000000000004
1984,39.68
1985,39.7
1986,39.72
1987,39.74
1988,39.76
1989,39.78
1990,39.800000000000004
1991,39.82
1992,39.84
1993,39.86
1994,39.88
1995,39.9
1996,39.92
1997,39.94
1998,39.96
1999,39.980000000000004
2000,40.0
2001,40.02
2002,40.04
2003,40.06
2004,40.08
2005,40.1
2006,40.12
2007,40.14
2008,40.160000000000004
2009,40.18
2010,40.2
2011,40.22
2012,40.24
2013,40.26
2014,40.28
2015,40.300000000000004
2016,40.32
2017,40.34
2018,40.36
2019,40.38
2020,40.4
2021,40.42
2022,40.44
2023,40.46
2024,40.480000000000004
2025,40.5
2026,40.52
2027,40.54
2028,40.56
2029,40.58
2030,40.6
2031,40.62
2032,40.64
2033,40.660000000000004
2034,40.68
2035,40.7
2036,40.72
2037,40.74
2038,40.76
2039,40.78
2040,40.800000000000004
2041,40.82
2042,40.84
2043,40.86
2044,40.88
2045,40.9
2046,40.92
2047,40.94
2048,40.96
2049,40.980000000000004
2050,41.0
2051,41.02
2052,41.04
2053,41.06
2054,41.08
2055,41.1
2056,41.12
2057,41.14
2058,41.160000000000004
2059,41.18
2060,41.2
2061,41.22
2062,41.24
2063,41.26
2064,41.28
2065,41.300000000000004
2066,41.32
2067,41.34
2068,41.36
2069,41.38
2070,41.4
2071,41.42
2072,41.44
2073,41.46
2074,41.480000000000004
2075,41.5
2076,41.52
2077,41.54
2078,41.56
2079,41.58
2080,41.6
2081,41.62
2082,41.64
2083,41.660000000000004
2084,41.68
2085,41.7
2086,41.72
2087,41.74
2088,41.76
2089,41.78
2090,41.800000000000004
2091,41.82
2092,41.84
2093,41.86
2094,41.88
2095,41.9
2096,41.92
2097,41.94
2098,41.96
2099,41.980000000000004
2100,42.0
2101,42.02
2102,42.04
2103,42.06
2104,42.08
2105,42.1
2106,42.12
2107,42.14
2108,42.160000000000004
2109,42.18
2110,42.2
2111,42.22
2112,42.24
2113,42.26
2114,42.28
2115,42.300000000000004
2116,42.32
2117,42.34
2118,42.36
2119,42.38
2120,42.4
2121,42.42
2122,42.44
2123,42.46
2124,42.480000000000004
2125,42.5
2126,42.52
2127,42.54
2128,42.56
2129,42.58
2130,42.6
2131,42.62
2132,42.64
2133,42.660000000000004
2134,42.68
2135,42.7
2136,42.72
2137,42.74
2138,42.76
2139,42.78
2140,42.800000000000004
2141,42.82
2142,42.84
2143,42.86
2144,42.88
2145,42.9
2146,42.92
2147,42.94
2148,42.96
2149,42.980000000000004
2150,43.0
2151,43.02
2152,43.04
2153,43.06
2154,43.08
2155,43.1
2156,43.12
2157,43.14
2158,43.160000000000004
2159,43.18
2160,43.2
2161,43.22
2162,43.24
2163,43.26
2164,43.28
2165,43.300000000000004
2166,43.32
2167,43.34
2168,43.36
2169,43.38
2170,43.4
2171,43.42
2172,43.44
2173,43.46
2174,43.480000000000004
2175,43.5
2176,43.52
2177,43.54
2178,43.56
2179,43.58
2180,43.6
2181,43.62
2182,43.64
2183,43.660000000000004
2184,43.68
2185,43.7
2186,43.72
2187,43.74
2188,43.76
2189,43.78
2190,43.800000000000004
2191,43.82
2192,43.84
2193,43.86
2194,43.88
2195,43.9
2196,43.92
2197,43.94
2198,43.96
2199,43.980000000000004
2200,44.0
2201,44.02
2202,44.04
2203,44.06
2204,44.08
2205,44.1
2206,44.12
2207,44.14
2208,44.160000000000004
2209,44.18
2210,44.2
2211,44.22
2212,44.24
2213,44.26
2214,44.28
2215,44.300000000000004
2216,44.32
2217,44.34
2218,44.36
2219,44.38
2220,44.4
2221,44.42
2222,44.44
2223,44.46
2224,44.480000000000004
2225,44.5
2226,44.52
2227,44.54
2228,44.56
2229,44.58
2230,44.6
2231,44.62
2232,44.64
2233,44.660000000000004
2234,44.68
2235,44.7
2236,44.72
2237,44.74
2238,44.76
2239,44.78
2240,44.800000000000004
2241,44.82
2242,44.84
2243,44.86
2244,44.88
2245,44.9
2246,44.92
2247,44.94
2248,44.96
2249,44.980000000000004
2250,45.0
2251,45.02
2252,45.04
2253,45.06
2254,45.08
2255,45.1
2256,45.12
2257,45.14
2258,45.160000000000004
2259,45.18
2260,45.2
2261,45.22
2262,45.24
2263,45.26
2264,45.28
2265,45.300000000000004
2266,45.32
2267,45.34
2268,45.36
2269,45.38
2270,45.4
2271,45.42
2272,45.44
2273,45.46
2274,45.480000000000004
2275,45.5
2276,45.52
2277,45.54
2278,45.56
2279,45.58
2280,45.6
2281,45.62
2282,45.64
2283,45.660000000000004
2284,45.68
2285,45.7
2286,45.72
2287,45.74
2288,45.76
2289,45.78
2290,45.800000000000004
2291,45.82
2292,45.84
2293,45.86
2294,45.88
2295,45.9
2296,45.92
2297,45.94
2298,45.96
2299,45.980000000000004
2300,46.0
2301,46.02
2302,46.04
2303,46.06
2304,46.08
2305,46.1
2306,46.12
2307,46.14
2308,46.160000000000004
2309,46.18
2310,46.2
2311,46.22
2312,46.24
2313,46.26
2314,46.28
2315,46.300000000000004
2316,46.32
2317,46.34
2318,46.36
2319,46.38
2320,46.4
2321,46.42
2322,46.44
2323,46.46
2324,46.480000000000004
2325,46.5
2326,46.52
2327,46.54
2328,46.56
2329,46.58
2330,46.6
2331,46.62
2332,46.64
2333,46.660000000000004
2334,46.68
2335,46.7
2336,46.72
2337,46.74
2338,46.76
2339,46.78
2340,46.800000000000004
2341,46.82
2342,46.84
2343,46.86
2344,46.88
2345,46.9
2346,46.92
2347,46.94
2348,46.96
2349,46.980000000000004
2350,47.0
2351,47.02
2352,47.04
2353,47.06
2354,47.08
2355,47.1
2356,47.12
2357,47.14
2358,47.160000000000004
2359,47.18
2360,47.2
2361,47.22
2362,47.24
2363,47.26
2364,47.28
2365,47.300000000000004
2366,47.32
2367,47.34
2368,47.36
2369,47.38
2370,47.4
2371,47.42
2372,47.44
2373,47.46
2374,47.480000000000004
2375,47.5
2376,47.52
2377,47.54
2378,47.56
2379,47.58
2380,47.6
2381,47.62
2382,47.64
2383,47.660000000000004
2384,47.68
2385,47.7
2386,47.72
2387,47.74
2388,47.76
2389,47.78
2390,47.800000000000004
2391,47.82
2392,47.84
2393,47.86
2394,47.88
2395,47.9
2396,47.92
2397,47.94
2398,47.96
2399,47.980000000000004
2400,48.0
2401,48.02
2402,48.04
2403,48.06
2404,48.08
2405,48.1
2406,48.120000000000005
2407,48.14
2408,48.160000000000004
2409,48.18
2410,48.2
2411,48.22
2412,48.24
2413,48.26
2414,48.28
2415,48.300000000000004
2416,48.32
2417,48.34
2418,48.36
2419,48.38
2420,48.4
2421,48.42
2422,48.44
2423,48.46
2424,48.480000000000004
2425,48.5
2426,48.52
2427,48.54
2428,48.56
2429,48.58
2430,48.6
2431,48.620000000000005
2432,48.64
2433,48.660000000000004
2434,48.68
2435,48.7
2436,48.72
2437,48.74
2438,48.76
2439,48.78
2440,48.800000000000004
2441,48.82
2442,48.84
2443,48.86
2444,48.88
2445,48.9
2446,48.92
2447,48.94
2448,48.96
2449,48.980000000000004
2450,49.0
2451,49.02
2452,49.04
2453,49.06
2454,49.08
2455,49.1
2456,49.120000000000005
2457,49.14
2458,49.160000000000004
2459,49.18
2460,49.2
2461,49.22
2462,49.24
2463,49.26
2464,49.28
2465,49.300000000000004
2466,49.32
2467,49.34
2468,49.36
2469,49.38
2470,49.4
2471,49.42
2472,49.44
2473,49.46
2474,49.480000000000004
2475,49.5
2476,49.52
2477,49.54
2478,49.56
2479,49.58
2480,49.6
2481,49.620000000000005
2482,49.64
2483,49.660000000000004
2484,49.68
2485,49.7
2486,49.72
2487,49.74
2488,49.76
2489,49.78
2490,49.800000000000004
2491,49.82
2492,49.84
2493,49.86
2494,49.88
2495,49.9
2496,49.92
2497,49.94
2498,49.96
2499,49.980000000000004
2500,50.0
2501,50.02
2502,50.04
2503,50.06
2504,50.08
2505,50.1
2506,50.120000000000005
2507,50.14
2508,50.160000000000004
2509,50.18
2510,50.2
2511,50.22
2512,50.24
2513,50.26
2514,50.28
2515,50.300000000000004
2516,50.32
2517,50.34
2518,50.36
2519,50.38
2520,50.4
2521,50.42
2522,50.44
2523,50.46
2524,50.480000000000004
2525,50.5
2526,50.52
2527,50.54
2528,50.56
2529,50.58
2530,50.6
2531,50.620000000000005
2532,50.64
2533,50.660000000000004
2534,50.68
2535,50.7
2536,50.72
2537,50.74
2538,50.76
2539,50.78
2540,50.800000000000004
2541,50.82
2542,50.84
2543,50.86
2544,50.88
2545,50.9
2546,50.92
2547,50.94
2548,50.96
2549,50.980000000000004
2550,51.0
2551,51.02
2552,51.04
2553,51.06
2554,51.08
2555,51.1
2556,51.120000000000005
2557,51.14
2558,51.160000000000004
2559,51.18
2560,51.2
2561,51.22
2562,51.24
2563,51.26
2564,51.28
2565,51.300000000000004
2566,51.32
2567,51.34
2568,51.36
2569,51.38
2570,51.4
2571,51.42
2572,51.44
2573,51.46
2574,51.480000000000004
2575,51.5
2576,51.52
2577,51.54
2578,51.56
2579,51.58
2580,51.6
2581,51.620000000000005
2582,51.64
2583,51.660000000000004
2584,51.68
2585,51.7
2586,51.72
2587,51.74
2588,51.76
2589,51.78
2590,51.800000000000004
2591,51.82
2592,51.84
2593,51.86
2594,51.88
2595,51.9
2596,51.92
2597,51.94
2598,51.96
2599,51.980000000000004
2600,52.0
2601,52.02
2602,52.04
2603,52.06
2604,52.08
2605,52.1
2606,52.120000000000005
2607,52.14
2608,52.160000000000004
2609,52.18
2610,52.2
2611,52.22
2612,52.24
2613,52.26
2614,52.28
2615,52.300000000000004
2616,52.32
2617,52.34
2618,52.36
2619,52.38
2620,52.4
2621,52.42
2622,52.44
2623,52.46
2624,52.480000000000004
2625,52.5
2626,52.52
2627,52.54
2628,52.56
2629,52.58
2630,52.6
2631,52.620000000000005
2632,52.64
2633,52.660000000000004
2634,52.68
2635,52.7
2636,52.72
2637,52.74
2638,52.76
2639,52.78
2640,52.800000000000004
2641,52.82
2642,52.84
2643,52.86
2644,52.88
2645,52.9
2646,52.92
2647,52.94
2648,52.96
2649,52.980000000000004
2650,53.0
2651,53.02
2652,53.04
2653,53.06
2654,53.08
2655,53.1
2656,53.120000000000005
2657,53.14
2658,53.160000000000004
2659,53.18
2660,53.2
2661,53.22
2662,53.24
2663,53.26
2664,53.28
2665,53.300000000000004
2666,53.32
2667,53.34
2668,53.36
2669,53.38
2670,53.4
2671,53.42
2672,53.44
2673,53.46
2674,53.480000000000004
2675,53.5
2676,53.52
2677,53.54
2678,53.56
2679,53.58
2680,53.6
2681,53.620000000000005
2682,53.64
2683,53.660000000000004
2684,53.68
2685,53.7
2686,53.72
2687,53.74
2688,53.76
2689,53.78
2690,53.800000000000004
2691,53.82
2692,53.84
2693,53.86
2694,53.88
2695,53.9
2696,53.92
2697,53.94
2698,53.96
2699,53.980000000000004
2700,54.0
2701,54.02
2702,54.04
2703,54.06
2704,54.08
2705,54.1
2706,54.120000000000005
2707,54.14
2708,54.160000000000004
2709,54.18
2710,54.2
2711,54.22
2712,54.24
2713,54.26
2714,54.28
2715,54.300000000000004
2716,54.32
2717,54.34
2718,54.36
2719,54.38
2720,54.4
2721,54.42
2722,54.44
2723,54.46
2724,54.480000000000004
2725,54.5
2726,54.52
2727,54.54
2728,54.56
2729,54.58
2730,54.6
2731,54.620000000000005
2732,54.64
2733,54.660000000000004
2734,54.68
2735,54.7
2736,54.72
2737,54.74
2738,54.76
2739,54.78
2740,54.800000000000004
2741,54.82
2742,54.84
2743,54.86
2744,54.88
2745,54.9
2746,54.92
2747,54.94
2748,54.96
2749,54.980000000000004
2750,55.0
2751,55.02
2752,55.04
2753,55.06
2754,55.08
2755,55.1
2756,55.120000000000005
2757,55.14
2758,55.160000000000004
2759,55.18
2760,55.2
2761,55.22
2762,55.24
2763,55.26
2764,55.28
2765,55.300000000000004
2766,55.32
2767,55.34
2768,55.36
2769,55.38
2770,55.4
2771,55.42
2772,55.44
2773,55.46
2774,55.480000000000004
2775,55.5
2776,55.52
2777,55.54
2778,55.56
2779,55.58
2780,55.6
2781,55.620000000000005
2782,55.64
2783,55.660000000000004
2784,55.68
2785,55.7
2786,55.72
2787,55.74
2788,55.76
2789,55.78
2790,55.800000000000004
2791,55.82
2792,55.84
2793,55.86
2794,55.88
2795,55.9
2796,55.92
2797,55.94
2798,55.96
2799,55.980000000000004
2800,56.0
2801,56.02
2802,56.04
2803,56.06
2804,56.08
2805,56.1
2806,56.120000000000005
2807,56.14
2808,56.160000000000004
2809,56.18
2810,56.2
2811,56.22
2812,56.24
2813,56.26
2814,56.28
2815,56.300000000000004
2816,56.32
2817,56.34
2818,56.36
2819,56.38
2820,56.4
2821,56.42
2822,56.44
2823,56.46
2824,56.480000000000004
2825,56.5
2826,56.52
2827,56.54
2828,56.56
2829,56.58
2830,56.6
2831,56.620000000000005
2832,56.64
2833,56.660000000000004
2834,56.68
2835,56.7
2836,56.72
2837,56.74
2838,56.76
2839,56.78
2840,56.800000000000004
2841,56.82
2842,56.84
2843,56.86
2844,56.88
2845,56.9
2846,56.92
2847,56.94
2848,56.96
2849,56.980000000000004
2850,57.0
2851,57.02
2852,57.04
2853,57.06
2854,57.08
2855,57.1
2856,57.120000000000005
2857,57.14
2858,57.160000000000004
2859,57.18
2860,57.2
2861,57.22
2862,57.24
2863,57.26
2864,57.28
2865,57.300000000000004
2866,57.32
2867,57.34
2868,57.36
2869,57.38
2870,57.4
2871,57.42
2872,57.44
2873,57.46
2874,57.480000000000004
2875,57.5
2876,57.52
2877,57.54
2878,57.56
2879,57.58
2880,57.6
2881,57.620000000000005
2882,57.64
2883,57.660000000000004
2884,57.68
2885,57.7
2886,57.72
2887,57.74
2888,57.76
2889,57.78
2890,57.800000000000004
2891,57.82
2892,57.84
2893,57.86
2894,57.88
2895,57.9
2896,57.92
2897,57.94
2898,57.96
2899,57.980000000000004
2900,58.0
2901,58.02
2902,58.04
2903,58.06
2904,58.08
2905,58.1
2906,58.120000000000005
2907,58.14
2908,58.160000000000004
2909,58.18
2910,58.2
2911,58.22
2912,58.24
2913,58.26
2914,58.28
2915,58.300000000000004
2916,58.32
2917,58.34
2918,58.36
2919,58.38
2920,58.4
2921,58.42
2922,58.44
2923,58.46
2924,58.480000000000004
2925,58.5
2926,58.52
2927,58.54
2928,58.56
2929,58.58
2930,58.6
2931,58.620000000000005
2932,58.64
2933,58.660000000000004
2934,58.68
2935,58.7
2936,58.72
2937,58.74
2938,58.76
2939,58.78
2940,58.800000000000004
2941,58.82
2942,58.84
2943,58.86
2944,58.88
2945,58.9
2946,58.92
2947,58.94
2948,58.96
2949,58.980000000000004
2950,59.0
2951,59.02
2952,59.04
2953,59.06
2954,59.08
2955,59.1
2956,59.120000000000005
2957,59.14
2958,59.160000000000004
2959,59.18
2960,59.2
2961,59.22
2962,59.24
2963,59.26
2964,59.28
2965,59.300000000000004
2966,59.32
2967,59.34
2968,59.36
2969,59.38
2970,59.4
2971,59.42
2972,59.44
2973,59.46
2974,59.480000000000004
2975,59.5
2976,59.52
2977,59.54
2978,59.56
2979,59.58
2980,59.6
2981,59.620000000000005
2982,59.64
2983,59.660000000000004
2984,59.68
2985,59.7
2986,59.72
2987,59.74
2988,59.76
2989,59.78
2990,59.800000000000004
2991,59.82
2992,59.84
2993,59.86
2994,59.88
2995,59.9
2996,59.92
2997,59.94
2998,59.96
2999,59.980000000000004
3000,60.0
3001,60.02
3002,60.04
3003,60.06
3004,60.08
3005,60.1
3006,60.120000000000005
3007,60.14
3008,60.160000000000004
3009,60.18
3010,60.2
3011,60.22
3012,60.24
3013,60.26
3014,60.28
3015,60.300000000000004
3016,60.32
3017,60.34
3018,60.36
3019,60.38
3020,60.4
3021,60.42
3022,60.44
3023,60.46
3024,60.480000000000004
3025,60.5
3026,60.52
3027,60.54
3028,60.56
3029,60.58
3030,60.6
3031,60.620000000000005
3032,60.64
3033,60.660000000000004
3034,60.68
3035,60.7
3036,60.72
3037,60.74
3038,60.76
3039,60.78
3040,60.800000000000004
3041,60.82
3042,60.84
3043,60.86
3044,60.88
3045,60.9
3046,60.92
3047,60.94
3048,60.96
3049,60.980000000000004
3050,61.0
3051,61.02
3052,61.04
3053,61.06
3054,61.08
3055,61.1
3056,61.120000000000005
3057,61.14
3058,61.160000000000004
3059,61.18
3060,61.2
3061,61.22
3062,61.24
3063,61.26
3064,61.28
3065,61.300000000000004
3066,61.32
3067,61.34
3068,61.36
3069,61.38
3070,61.4
3071,61.42
3072,61.44
3073,61.46
3074,61.480000000000004
3075,61.5
3076,61.52
3077,61.54
3078,61.56
3079,61.58
3080,61.6
3081,61.620000000000005
3082,61.64
3083,61.660000000000004
3084,61.68
3085,61.7
3086,61.72
3087,61.74
3088,61.76
3089,61.78
3090,61.800000000000004
3091,61.82
3092,61.84
3093,61.86
3094,61.88
3095,61.9
3096,61.92
3097,61.940000000000005
3098,61.96
3099,61.980000000000004
3100,62.0
3101,62.02
3102,62.04
3103,62.06
3104,62.08
3105,62.1
3106,62.120000000000005
3107,62.14
3108,62.160000000000004
3109,62.18
3110,62.2
3111,62.22
3112,62.24
3113,62.26
3114,62.28
3115,62.300000000000004
3116,62.32
3117,62.34
3118,62.36
3119,62.38
3120,62.4
3121,62.42
3122,62.440000000000005
3123,62.46
3124,62.480000000000004
3125,62.5
3126,62.52
3127,62.54
3128,62.56
3129,62.58
3130,62.6
3131,62.620000000000005
3132,62.64
3133,62.660000000000004
3134,62.68
3135,62.7
3136,62.72
3137,62.74
3138,62.76
3139,62.78
3140,62.800000000000004
3141,62.82
3142,62.84
3143,62.86
3144,62.88
3145,62.9
3146,62.92
3147,62.940000000000005
3148,62.96
3149,62.980000000000004
3150,63.0
3151,63.02
3152,63.04
3153,63.06
3154,63.08
3155,63.1
3156,63.120000000000005
3157,63.14
3158,63.160000000000004
3159,63.18
3160,63.2
3161,63.22
3162,63.24
3163,63.26
3164,63.28
3165,63.300000000000004
3166,63.32
3167,63.34
3168,63.36
3169,63.38
3170,63.4
3171,63.42
3172,63.440000000000005
3173,63.46
3174,63.480000000000004
3175,63.5
3176,63.52
3177,63.54
3178,63.56
3179,63.58
3180,63.6
3181,63.620000000000005
3182,63.64
3183,63.660000000000004
3184,63.68
3185,63.7
3186,63.72
3187,63.74
3188,63.76
3189,63.78
3190,63.800000000000004
3191,63.82
3192,63.84
3193,63.86
3194,63.88
3195,63.9
3196,63.92
3197,63.940000000000005
3198,63.96
3199,63.980000000000004
3200,64.0
3201,64.02
3202,64.04
3203,64.06
3204,64.08
3205,64.1
3206,64.12
3207,64.14
3208,64.16
3209,64.18
3210,64.2
3211,64.22
3212,64.24
3213,64.26
3214,64.28
3215,64.3
3216,64.32000000000001
3217,64.34
3218,64.36
3219,64.38
3220,64.4
3221,64.42
3222,64.44
3223,64.46000000000001
3224,64.48
3225,64.5
3226,64.52
3227,64.54
3228,64.56
3229,64.58
3230,64.6
3231,64.62
3232,64.64
3233,64.66
3234,64.68
3235,64.7
3236,64.72
3237,64.74
3238,64.76
3239,64.78
3240,64.8
3241,64.82000000000001
3242,64.84
3243,64.86
3244,64.88
3245,64.9
3246,64.92
3247,64.94
3248,64.96000000000001
3249,64.98
3250,65.0
3251,65.02
3252,65.04
3253,65.06
3254,65.08
3255,65.1
3256,65.12
3257,65.14
3258,65.16
3259,65.18
3260,65.2
3261,65.22
3262,65.24
3263,65.26
3264,65.28
3265,65.3
3266,65.32000000000001
3267,65.34
3268,65.36
3269,65.38
3270,65.4
3271,65.42
3272,65.44
3273,65.46000000000001
3274,65.48
3275,65.5
3276,65.52
3277,65.54
3278,65.56
3279,65.58
3280,65.6
3281,65.62
3282,65.64
3283,65.66
3284,65.68
3285,65.7
3286,65.72
3287,65.74
3288,65.76
3289,65.78
3290,65.8
3291,65.82000000000001
3292,65.84
3293,65.86
3294,65.88
3295,65.9
3296,65.92
3297,65.94
3298,65.96000000000001
3299,65.98
3300,66.0
3301,66.02
3302,66.04
3303,66.06
3304,66.08
3305,66.1
3306,66.12
3307,66.14
3308,66.16
3309,66.18
3310,66.2
3311,66.22
3312,66.24
3313,66.26
3314,66.28
3315,66.3
3316,66.32000000000001
3317,66.34
3318,66.36
3319,66.38
3320,66.4
3321,66.42
3322,66.44
3323,66.46000000000001
3324,66.48
3325,66.5
3326,66.52
3327,66.54
3328,66.56
3329,66.58
3330,66.6
3331,66.62
3332,66.64
3333,66.66
3334,66.68
3335,66.7
3336,66.72
3337,66.74
3338,66.76
3339,66.78
3340,66.8
3341,66.82000000000001
3342,66.84
3343,66.86
3344,66.88
3345,66.9
3346,66.92
3347,66.94
3348,66.96000000000001
3349,66.98
3350,67.0
3351,67.02
3352,67.04
3353,67.06
3354,67.08
3355,67.1
3356,67.12
3357,67.14
3358,67.16
3359,67.18
3360,67.2
3361,67.22
3362,67.24
3363,67.26
3364,67.28
3365,67.3
3366,67.32000000000001
3367,67.34
3368,67.36
3369,67.38
3370,67.4
3371,67.42
3372,67.44
3373,67.46000000000001
3374,67.48
3375,67.5
3376,67.52
3377,67.54
3378,67.56
3379,67.58
3380,67.6
3381,67.62
3382,67.64
3383,67.66
3384,67.68
3385,67.7
3386,67.72
3387,67.74
3388,67.76
3389,67.78
3390,67.8
3391,67.82000000000001
3392,67.84
3393,67.86
3394,67.88
3395,67.9
3396,67.92
3397,67.94
3398,67.96000000000001
3399,67.98
3400,68.0
3401,68.02
3402,68.04
3403,68.06
3404,68.08
3405,68.1
3406,68.12
3407,68.14
3408,68.16
3409,68.18
3410,68.2
3411,68.22
3412,68.24
3413,68.26
3414,68.28
3415,68.3
3416,68.32000000000001
3417,68.34
3418,68.36
3419,68.38
3420,68.4
3421,68.42
3422,68.44
3423,68.46000000000001
3424,68.48
3425,68.5
3426,68.52
3427,68.54
3428,68.56
3429,68.58
3430,68.60000000000001
3431,68.62
3432,68.64
3433,68.66
3434,68.68
3435,68.7
3436,68.72
3437,68.74
3438,68.76
3439,68.78
3440,68.8
3441,68.82000000000001
3442,68.84
3443,68.86
3444,68.88
3445,68.9
3446,68.92
3447,68.94
3448,68.96000000000001
3449,68.98
3450,69.0
3451,69.02
3452,69.04
3453,69.06
3454,69.08
3455,69.10000000000001
3456,69.12
3457,69.14
3458,69.16
3459,69.18
3460,69.2
3461,69.22
3462,69.24
3463,69.26
3464,69.28
3465,69.3
3466,69.32000000000001
3467,69.34
3468,69.36
3469,69.38
3470,69.4
3471,69.42
3472,69.44
3473,69.46000000000001
3474,69.48
3475,69.5
3476,69.52
3477,69.54
3478,69.56
3479,69.58
3480,69.60000000000001
3481,69.62
3482,69.64
3483,69.66
3484,69.68
3485,69.7
3486,69.72
3487,69.74
3488,69.76
3489,69.78
3490,69.8
3491,69.82000000000001
3492,69.84
3493,69.86
3494,69.88
3495,69.9
3496,69.92
3497,69.94
3498,69.96000000000001
3499,69.98
3500,70.0
3501,70.02
3502,70.04
3503,70.06
3504,70.08
3505,70.10000000000001
3506,70.12
3507,70.14
3508,70.16
3509,70.18
3510,70.2
3511,70.22
3512,70.24
3513,70.26
3514,70.28
3515,70.3
3516,70.32000000000001
3517,70.34
3518,70.36
3519,70.38
3520,70.4
3521,70.42
3522,70.44
3523,70.46000000000001
3524,70.48
3525,70.5
3526,70.52
3527,70.54
3528,70.56
3529,70.58
3530,70.60000000000001
3531,70.62
3532,70.64
3533,70.66
3534,70.68
3535,70.7
3536,70.72
3537,70.74
3538,70.76
3539,70.78
3540,70.8
3541,70.82000000000001
3542,70.84
3543,70.86
3544,70.88
3545,70.9
3546,70.92
3547,70.94
3548,70.96000000000001
3549,70.98
3550,71.0
3551,71.02
3552,71.04
3553,71.06
3554,71.08
3555,71.10000000000001
3556,71.12
3557,71.14
3558,71.16
3559,71.18
3560,71.2
3561,71.22
3562,71.24
3563,71.26
3564,71.28
3565,71.3
3566,71.32000000000001
3567,71.34
3568,71.36
3569,71.38
3570,71.4
3571,71.42
3572,71.44
3573,71.46000000000001
3574,71.48
3575,71.5
3576,71.52
3577,71.54
3578,71.56
3579,71.58
3580,71.60000000000001
3581,71.62
3582,71.64
3583,71.66
3584,71.68
3585,71.7
3586,71.72
3587,71.74
3588,71.76
3589,71.78
3590,71.8
3591,71.82000000000001
3592,71.84
3593,71.86
3594,71.88
3595,71.9
3596,71.92
3597,71.94
3598,71.96000000000001
3599,71.98
3600,72.0
3601,72.02
3602,72.04
3603,72.06
3604,72.08
3605,72.10000000000001
3606,72.12
3607,72.14
3608,72.16
3609,72.18
3610,72.2
3611,72.22
3612,72.24
3613,72.26
3614,72.28
3615,72.3
3616,72.32000000000001
3617,72.34
3618,72.36
3619,72.38
3620,72.4
3621,72.42
3622,72.44
3623,72.46000000000001
3624,72.48
3625,72.5
3626,72.52
3627,72.54
3628,72.56
3629,72.58
3630,72.60000000000001
3631,72.62
3632,72.64
3633,72.66
3634,72.68
3635,72.7
3636,72.72
3637,72.74
3638,72.76
3639,72.78
3640,72.8
3641,72.82000000000001
3642,72.84
3643,72.86
3644,72.88
3645,72.9
3646,72.92
3647,72.94
3648,72.96000000000001
3649,72.98
3650,73.0
3651,73.02
3652,73.04
3653,73.06
3654,73.08
3655,73.10000000000001
3656,73.12
3657,73.14
3658,73.16
3659,73.18
3660,73.2
3661,73.22
3662,73.24
3663,73.26
3664,73.28
3665,73.3
3666,73.32000000000001
3667,73.34
3668,73.36
3669,73.38
3670,73.4
3671,73.42
3672,73.44
3673,73.46000000000001
3674,73.48
3675,73.5
3676,73.52
3677,73.54
3678,73.56
3679,73.58
3680,73.60000000000001
3681,73.62
3682,73.64
3683,73.66
3684,73.68
3685,73.7
3686,73.72
3687,73.74
3688,73.76
3689,73.78
3690,73.8
3691,73.82000000000001
3692,73.84
3693,73.86
3694,73.88
3695,73.9
3696,73.92
3697,73.94
3698,73.96000000000001
3699,73.98
3700,74.0
3701,74.02
3702,74.04
3703,74.06
3704,74.08
3705,74.10000000000001
3706,74.12
3707,74.14
3708,74.16
3709,74.18
3710,74.2
3711,74.22
3712,74.24
3713,74.26
3714,74.28
3715,74.3
3716,74.32000000000001
3717,74.34
3718,74.36
3719,74.38
3720,74.4
3721,74.42
3722,74.44
3723,74.46000000000001
3724,74.48
3725,74.5
3726,74.52
3727,74.54
3728,74.56
3729,74.58
3730,74.60000000000001
3731,74.62
3732,74.64
3733,74.66
3734,74.68
3735,74.7
3736,74.72
3737,74.74
3738,74.76
3739,74.78
3740,74.8
3741,74.82000000000001
3742,74.84
3743,74.86
3744,74.88
3745,74.9
3746,74.92
3747,74.94
3748,74.96000000000001
3749,74.98
3750,75.0
3751,75.02
3752,75.04
3753,75.06
3754,75.08
3755,75.10000000000001
3756,75.12
3757,75.14
3758,75.16
3759,75.18
3760,75.2
3761,75.22
3762,75.24
3763,75.26
3764,75.28
3765,75.3
3766,75.32000000000001
3767,75.34
3768,75.36
3769,75.38
3770,75.4
3771,75.42
3772,75.44
3773,75.46000000000001
3774,75.48
3775,75.5
3776,75.52
3777,75.54
3778,75.56
3779,75.58
3780,75.60000000000001
3781,75.62
3782,75.64
3783,75.66
3784,75.68
3785,75.7
3786,75.72
3787,75.74
3788,75.76
3789,75.78
3790,75.8
3791,75.82000000000001
3792,75.84
3793,75.86
3794,75.88
3795,75.9
3796,75.92
3797,75.94
3798,75.96000000000001
3799,75.98
3800,76.0
3801,76.02
3802,76.04
3803,76.06
3804,76.08
3805,76.10000000000001
3806,76.12
3807,76.14
3808,76.16
3809,76.18
3810,76.2
3811,76.22
3812,76.24
3813,76.26
3814,76.28
3815,76.3
3816,76.32000000000001
3817,76.34
3818,76.36
3819,76.38
3820,76.4
3821,76.42
3822,76.44
3823,76.46000000000001
3824,76.48
3825,76.5
3826,76.52
3827,76.54
3828,76.56
3829,76.58
3830,76.60000000000001
3831,76.62
3832,76.64
3833,76.66
3834,76.68
3835,76.7
3836,76.72
3837,76.74
3838,76.76
3839,76.78
3840,76.8
3841,76.82000000000001
3842,76.84
3843,76.86
3844,76.88
3845,76.9
3846,76.92
3847,76.94
3848,76.96000000000001
3849,76.98
3850,77.0
3851,77.02
3852,77.04
3853,77.06
3854,77.08
3855,77.10000000000001
3856,77.12
3857,77.14
3858,77.16
3859,77.18
3860,77.2
3861,77.22
3862,77.24
3863,77.26
3864,77.28
3865,77.3
3866,77.32000000000001
3867,77.34
3868,77.36
3869,77.38
3870,77.4
3871,77.42
3872,77.44
3873,77.46000000000001
3874,77.48
3875,77.5
3876,77.52
3877,77.54
3878,77.56
3879,77.58
3880,77.60000000000001
3881,77.62
3882,77.64
3883,77.66
3884,77.68
3885,77.7
3886,77.72
3887,77.74
3888,77.76
3889,77.78
3890,77.8
3891,77.82000000000001
3892,77.84
3893,77.86
3894,77.88
3895,77.9
3896,77.92
3897,77.94
3898,77.96000000000001
3899,77.98
3900,78.0
3901,78.02
3902,78.04
3903,78.06
3904,78.08
3905,78.10000000000001
3906,78.12
3907,78.14
3908,78.16
3909,78.18
3910,78.2
3911,78.22
3912,78.24
3913,78.26
3914,78.28
3915,78.3
3916,78.32000000000001
3917,78.34
3918,78.36
3919,78.38
3920,78.4
3921,78.42
3922,78.44
3923,78.46000000000001
3924,78.48
3925,78.5
3926,78.52
3927,78.54
3928,78.56
3929,78.58
3930,78.60000000000001
3931,78.62
3932,78.64
3933,78.66
3934,78.68
3935,78.7
3936,78.72
3937,78.74
3938,78.76
3939,78.78
3940,78.8
3941,78.82000000000001
3942,78.84
3943,78.86
3944,78.88
3945,78.9
3946,78.92
3947,78.94
3948,78.96000000000001
3949,78.98
3950,79.0
3951,79.02
3952,79.04
3953,79.06
3954,79.08
3955,79.10000000000001
3956,79.12
3957,79.14
3958,79.16
3959,79.18
3960,79.2
3961,79.22
3962,79.24
3963,79.26
3964,79.28
3965,79.3
3966,79.32000000000001
3967,79.34
3968,79.36
3969,79.38
3970,79.4
3971,79.42
3972,79.44
3973,79.46000000000001
3974,79.48
3975,79.5
3976,79.52
3977,79.54
3978,79.56
3979,79.58
3980,79.60000000000001
3981,79.62
3982,79.64
3983,79.66
3984,79.68
3985,79.7
3986,79.72
3987,79.74
3988,79.76
3989,79.78
3990,79.8
3991,79.82000000000001
3992,79.84
3993,79.86
3994,79.88
3995,79.9
3996,79.92
3997,79.94
3998,79.96000000000001
3999,79.98
4000,80.0
4001,80.02
4002,80.04
4003,80.06
4004,80.08
4005,80.10000000000001
4006,80.12
4007,80.14
4008,80.16
4009,80.18
4010,80.2
4011,80.22
4012,80.24
4013,80.26
4014,80.28
4015,80.3
4016,80.32000000000001
4017,80.34
4018,80.36
4019,80.38
4020,80.4
4021,80.42
4022,80.44
4023,80.46000000000001
4024,80.48
4025,80.5
4026,80.52
4027,80.54
4028,80.56
4029,80.58
4030,80.60000000000001
4031,80.62
4032,80.64
4033,80.66
4034,80.68
4035,80.7
4036,80.72
4037,80.74
4038,80.76
4039,80.78
4040,80.8
4041,80.82000000000001
4042,80.84
4043,80.86
4044,80.88
4045,80.9
4046,80.92
4047,80.94
4048,80.96000000000001
4049,80.98
4050,81.0
4051,81.02
4052,81.04
4053,81.06
4054,81.08
4055,81.10000000000001
4056,81.12
4057,81.14
4058,81.16
4059,81.18
4060,81.2
4061,81.22
4062,81.24
4063,81.26
4064,81.28
4065,81.3
4066,81.32000000000001
4067,81.34
4068,81.36
4069,81.38
4070,81.4
4071,81.42
4072,81.44
4073,81.46000000000001
4074,81.48
4075,81.5
4076,81.52
4077,81.54
4078,81.56
4079,81.58
4080,81.60000000000001
4081,81.62
4082,81.64
4083,81.66
4084,81.68
4085,81.7
4086,81.72
4087,81.74
4088,81.76
4089,81.78
4090,81.8
4091,81.82000000000001
4092,81.84
4093,81.86
4094,81.88
4095,81.9
4096,81.92
4097,81.94
4098,81.96000000000001
4099,81.98
4100,82.0
4101,82.02
4102,82.04
4103,82.06
4104,82.08
4105,82.10000000000001
4106,82.12
4107,82.14
4108,82.16
4109,82.18
4110,82.2
4111,82.22
4112,82.24
4113,82.26
4114,82.28
4115,82.3
4116,82.32000000000001
4117,82.34
4118,82.36
4119,82.38
4120,82.4
4121,82.42
4122,82.44
4123,82.46000000000001
4124,82.48
4125,82.5
4126,82.52
4127,82.54
4128,82.56
4129,82.58
4130,82.60000000000001
4131,82.62
4132,82.64
4133,82.66
4134,82.68
4135,82.7
4136,82.72
4137,82.74
4138,82.76
4139,82.78
4140,82.8
4141,82.82000000000001
4142,82.84
4143,82.86
4144,82.88
4145,82.9
4146,82.92
4147,82.94
4148,82.96000000000001
4149,82.98
4150,83.0
4151,83.02
4152,83.04
4153,83.06
4154,83.08
4155,83.10000000000001
4156,83.12
4157,83.14
4158,83.16
4159,83.18
4160,83.2
4161,83.22
4162,83.24
4163,83.26
4164,83.28
4165,83.3
4166,83.32000000000001
4167,83.34
4168,83.36
4169,83.38
4170,83.4
4171,83.42
4172,83.44
4173,83.46000000000001
4174,83.48
4175,83.5
4176,83.52
4177,83.54
4178,83.56
4179,83.58
4180,83.60000000000001
4181,83.62
4182,83.64
4183,83.66
4184,83.68
4185,83.7
4186,83.72
4187,83.74
4188,83.76
4189,83.78
4190,83.8
4191,83.82000000000001
4192,83.84
4193,83.86
4194,83.88
4195,83.9
4196,83.92
4197,83.94
4198,83.96000000000001
4199,83.98
4200,84.0
4201,84.02
4202,84.04
4203,84.06
4204,84.08
4205,84.10000000000001
4206,84.12
4207,84.14
4208,84.16
4209,84.18
4210,84.2
4211,84.22
4212,84.24
4213,84.26
4214,84.28
4215,84.3
4216,84.32000000000001
4217,84.34
4218,84.36
4219,84.38
4220,84.4
4221,84.42
4222,84.44
4223,84.46000000000001
4224,84.48
4225,84.5
4226,84.52
4227,84.54
4228,84.56
4229,84.58
4230,84.60000000000001
4231,84.62
4232,84.64
4233,84.66
4234,84.68
4235,84.7
4236,84.72
4237,84.74
4238,84.76
4239,84.78
4240,84.8
4241,84.82000000000001
4242,84.84
4243,84.86
4244,84.88
4245,84.9
4246,84.92
4247,84.94
4248,84.96000000000001
4249,84.98
4250,85.0
4251,85.02
4252,85.04
4253,85.06
4254,85.08
4255,85.10000000000001
4256,85.12
4257,85.14
4258,85.16
4259,85.18
4260,85.2
4261,85.22
4262,85.24
4263,85.26
4264,85.28
4265,85.3
4266,85.32000000000001
4267,85.34
4268,85.36
4269,85.38
4270,85.4
4271,85.42
4272,85.44
4273,85.46000000000001
4274,85.48
4275,85.5
4276,85.52
4277,85.54
4278,85.56
4279,85.58
4280,85.60000000000001
4281,85.62
4282,85.64
4283,85.66
4284,85.68
4285,85.7
4286,85.72
4287,85.74
4288,85.76
4289,85.78
4290,85.8
4291,85.82000000000001
4292,85.84
4293,85.86
4294,85.88
4295,85.9
4296,85.92
4297,85.94
4298,85.96000000000001
4299,85.98
4300,86.0
4301,86.02
4302,86.04
4303,86.06
4304,86.08
4305,86.10000000000001
4306,86.12
4307,86.14
4308,86.16
4309,86.18
4310,86.2
4311,86.22
4312,86.24
4313,86.26
4314,86.28
4315,86.3
4316,86.32000000000001
4317,86.34
4318,86.36
4319,86.38
4320,86.4
4321,86.42
4322,86.44
4323,86.46000000000001
4324,86.48
4325,86.5
4326,86.52
4327,86.54
4328,86.56
4329,86.58
4330,86.60000000000001
4331,86.62
4332,86.64
4333,86.66
4334,86.68
4335,86.7
4336,86.72
4337,86.74
4338,86.76
4339,86.78
4340,86.8
4341,86.82000000000001
4342,86.84
4343,86.86
4344,86.88
4345,86.9
4346,86.92
4347,86.94
4348,86.96000000000001
4349,86.98
4350,87.0
4351,87.02
4352,87.04
4353,87.06
4354,87.08
4355,87.10000000000001
4356,87.12
4357,87.14
4358,87.16
4359,87.18
4360,87.2
4361,87.22
4362,87.24
4363,87.26
4364,87.28
4365,87.3
4366,87.32000000000001
4367,87.34
4368,87.36
4369,87.38
4370,87.4
4371,87.42
4372,87.44
4373,87.46000000000001
4374,87.48
4375,87.5
4376,87.52
4377,87.54
4378,87.56
4379,87.58
4380,87.60000000000001
4381,87.62
4382,87.64
4383,87.66
4384,87.68
4385,87.7
4386,87.72
4387,87.74
4388,87.76
4389,87.78
4390,87.8
4391,87.82000000000001
4392,87.84
4393,87.86
4394,87.88
4395,87.9
4396,87.92
4397,87.94
4398,87.96000000000001
4399,87.98
4400,88.0
4401,88.02
4402,88.04
4403,88.06
4404,88.08
4405,88.10000000000001
4406,88.12
4407,88.14
4408,88.16
4409,88.18
4410,88.2
4411,88.22
4412,88.24
4413,88.26
4414,88.28
4415,88.3
4416,88.32000000000001
4417,88.34
4418,88.36
4419,88.38
4420,88.4
4421,88.42
4422,88.44
4423,88.46000000000001
4424,88.48
4425,88.5
4426,88.52
4427,88.54
4428,88.56
4429,88.58
4430,88.60000000000001
4431,88.62
4432,88.64
4433,88.66
4434,88.68
4435,88.7
4436,88.72
4437,88.74
4438,88.76
4439,88.78
4440,88.8
4441,88.82000000000001
4442,88.84
4443,88.86
4444,88.88
4445,88.9
4446,88.92
4447,88.94
4448,88.96000000000001
4449,88.98
4450,89.0
4451,89.02
4452,89.04
4453,89.06
4454,89.08
4455,89.10000000000001
4456,89.12
4457,89.14
4458,89.16
4459,89.18
4460,89.2
4461,89.22
4462,89.24
4463,89.26
4464,89.28
4465,89.3
4466,89.32000000000001
4467,89.34
4468,89.36
4469,89.38
4470,89.4
4471,89.42
4472,89.44
4473,89.46000000000001
4474,89.48
4475,89.5
4476,89.52
4477,89.54
4478,89.56
4479,89.58
4480,89.60000000000001
4481,89.62
4482,89.64
4483,89.66
4484,89.68
4485,89.7
4486,89.72
4487,89.74
4488,89.76
4489,89.78
4490,89.8
4491,89.82000000000001
4492,89.84
4493,89.86
4494,89.88
4495,89.9
4496,89.92
4497,89.94
4498,89.96000000000001
4499,89.98
4500,90.0
4501,90.02
4502,90.04
4503,90.06
4504,90.08
4505,90.10000000000001
4506,90.12
4507,90.14
4508,90.16
4509,90.18
4510,90.2
4511,90.22
4512,90.24
4513,90.26
4514,90.28
4515,90.3
4516,90.32000000000001
4517,90.34
4518,90.36
4519,90.38
4520,90.4
4521,90.42
4522,90.44
4523,90.46000000000001
4524,90.48
4525,90.5
4526,90.52
4527,90.54
4528,90.56
4529,90.58
4530,90.60000000000001
4531,90.62
4532,90.64
4533,90.66
4534,90.68
4535,90.7
4536,90.72
4537,90.74
4538,90.76
4539,90.78
4540,90.8
4541,90.82000000000001
4542,90.84
4543,90.86
4544,90.88
4545,90.9
4546,90.92
4547,90.94
4548,90.96000000000001
4549,90.98
4550,91.0
4551,91.02
4552,91.04
4553,91.06
4554,91.08
4555,91.10000000000001
4556,91.12
4557,91.14
4558,91.16
4559,91.18
4560,91.2
4561,91.22
4562,91.24
4563,91.26
4564,91.28
4565,91.3
4566,91.32000000000001
4567,91.34
4568,91.36
4569,91.38
4570,91.4
4571,91.42
4572,91.44
4573,91.46000000000001
4574,91.48
4575,91.5
4576,91.52
4577,91.54
4578,91.56
4579,91.58
4580,91.60000000000001
4581,91.62
4582,91.64
4583,91.66
4584,91.68
4585,91.7
4586,91.72
4587,91.74
4588,91.76
4589,91.78
4590,91.8
4591,91.82000000000001
4592,91.84
4593,91.86
4594,91.88
4595,91.9
4596,91.92
4597,91.94
4598,91.96000000000001
4599,91.98
4600,92.0
4601,92.02
4602,92.04
4603,92.06
4604,92.08
4605,92.10000000000001
4606,92.12
4607,92.14
4608,92.16
4609,92.18
4610,92.2
4611,92.22
4612,92.24
4613,92.26
4614,92.28
4615,92.3
4616,92.32000000000001
4617,92.34
4618,92.36
4619,92.38
4620,92.4
4621,92.42
4622,92.44
4623,92.46000000000001
4624,92.48
4625,92.5
4626,92.52
4627,92.54
4628,92.56
4629,92.58
4630,92.60000000000001
4631,92.62
4632,92.64
4633,92.66
4634,92.68
4635,92.7
4636,92.72
4637,92.74
4638,92.76
4639,92.78
4640,92.8
4641,92.82000000000001
4642,92.84
4643,92.86
4644,92.88
4645,92.9
4646,92.92
4647,92.94
4648,92.96000000000001
4649,92.98
4650,93.0
4651,93.02
4652,93.04
4653,93.06
4654,93.08
4655,93.10000000000001
4656,93.12
4657,93.14
4658,93.16
4659,93.18
4660,93.2
4661,93.22
4662,93.24
4663,93.26
4664,93.28
4665,93.3
4666,93.32000000000001
4667,93.34
4668,93.36
4669,93.38
4670,93.4
4671,93.42
4672,93.44
4673,93.46000000000001
4674,93.48
4675,93.5
4676,93.52
4677,93.54
4678,93.56
4679,93.58
4680,93.60000000000001
4681,93.62
4682,93.64
4683,93.66
4684,93.68
4685,93.7
4686,93.72
4687,93.74
4688,93.76
4689,93.78
4690,93.8
4691,93.82000000000001
4692,93.84
4693,93.86
4694,93.88
4695,93.9
4696,93.92
4697,93.94
4698,93.96000000000001
4699,93.98
4700,94.0
4701,94.02
4702,94.04
4703,94.06
4704,94.08
4705,94.10000000000001
4706,94.12
4707,94.14
4708,94.16
4709,94.18
4710,94.2
4711,94.22
4712,94.24
4713,94.26
4714,94.28
4715,94.3
4716,94.32000000000001
4717,94.34
4718,94.36
4719,94.38
4720,94.4
4721,94.42
4722,94.44
4723,94.46000000000001
4724,94.48
4725,94.5
4726,94.52
4727,94.54
4728,94.56
4729,94.58
4730,94.60000000000001
4731,94.62
4732,94.64
4733,94.66
4734,94.68
4735,94.7
4736,94.72
4737,94.74
4738,94.76
4739,94.78
4740,94.8
4741,94.82000000000001
4742,94.84
4743,94.86
4744,94.88
4745,94.9
4746,94.92
4747,94.94
4748,94.96000000000001
4749,94.98
4750,95.0
4751,95.02
4752,95.04
4753,95.06
4754,95.08
4755,95.10000000000001
4756,95.12
4757,95.14
4758,95.16
4759,95.18
4760,95.2
4761,95.22
4762,95.24
4763,95.26
4764,95.28
4765,95.3
4766,95.32000000000001
4767,95.34
4768,95.36
4769,95.38
4770,95.4
4771,95.42
4772,95.44
4773,95.46000000000001
4774,95.48
4775,95.5
4776,95.52
4777,95.54
4778,95.56
4779,95.58
4780,95.60000000000001
4781,95.62
4782,95.64
4783,95.66
4784,95.68
4785,95.7
4786,95.72
4787,95.74000000000001
4788,95.76
4789,95.78
4790,95.8
4791,95.82000000000001
4792,95.84
4793,95.86
4794,95.88
4795,95.9
4796,95.92
4797,95.94
4798,95.96000000000001
4799,95.98
4800,96.0
4801,96.02
4802,96.04
4803,96.06
4804,96.08
4805,96.10000000000001
4806,96.12
4807,96.14
4808,96.16
4809,96.18
4810,96.2
4811,96.22
4812,96.24000000000001
4813,96.26
4814,96.28
4815,96.3
4816,96.32000000000001
4817,96.34
4818,96.36
4819,96.38
4820,96.4
4821,96.42
4822,96.44
4823,96.46000000000001
4824,96.48
4825,96.5
4826,96.52
4827,96.54
4828,96.56
4829,96.58
4830,96.60000000000001
4831,96.62
4832,96.64
4833,96.66
4834,96.68
4835,96.7
4836,96.72
4837,96.74000000000001
4838,96.76
4839,96.78
4840,96.8
4841,96.82000000000001
4842,96.84
4843,96.86
4844,96.88
4845,96.9
4846,96.92
4847,96.94
4848,96.96000000000001
4849,96.98
4850,97.0
4851,97.02
4852,97.04
4853,97.06
4854,97.08
4855,97.10000000000001
4856,97.12
4857,97.14
4858,97.16
4859,97.18
4860,97.2
4861,97.22
4862,97.24000000000001
4863,97.26
4864,97.28
4865,97.3
4866,97.32000000000001
4867,97.34
4868,97.36
4869,97.38
4870,97.4
4871,97.42
4872,97.44
4873,97.46000000000001
4874,97.48
4875,97.5
4876,97.52
4877,97.54
4878,97.56
4879,97.58
4880,97.60000000000001
4881,97.62
4882,97.64
4883,97.66
4884,97.68
4885,97.7
4886,97.72
4887,97.74000000000001
4888,97.76
4889,97.78
4890,97.8
4891,97.82000000000001
4892,97.84
4893,97.86
4894,97.88
4895,97.9
4896,97.92
4897,97.94
4898,97.96000000000001
4899,97.98
4900,98.0
4901,98.02
4902,98.04
4903,98.06
4904,98.08
4905,98.10000000000001
4906,98.12
4907,98.14
4908,98.16
4909,98.18
4910,98.2
4911,98.22
4912,98.24000000000001
4913,98.26
4914,98.28
4915,98.3
4916,98.32000000000001
4917,98.34
4918,98.36
4919,98.38
4920,98.4
4921,98.42
4922,98.44
4923,98.46000000000001
4924,98.48
4925,98.5
4926,98.52
4927,98.54
4928,98.56
4929,98.58
4930,98.60000000000001
4931,98.62
4932,98.64
4933,98.66
4934,98.68
4935,98.7
4936,98.72
4937,98.74000000000001
4938,98.76
4939,98.78
4940,98.8
4941,98.82000000000001
4942,98.84
4943,98.86
4944,98.88
4945,98.9
4946,98.92
4947,98.94
4948,98.96000000000001
4949,98.98
4950,99.0
4951,99.02
4952,99.04
4953,99.06
4954,99.08
4955,99.10000000000001
4956,99.12
4957,99.14
4958,99.16
4959,99.18
4960,99.2
4961,99.22
4962,99.24000000000001
4963,99.26
4964,99.28
4965,99.3
4966,99.32000000000001
4967,99.34
4968,99.36
4969,99.38
4970,99.4
4971,99.42
4972,99.44
4973,99.46000000000001
4974,99.48
4975,99.5
4976,99.52
4977,99.54
4978,99.56
4979,99.58
4980,99.60000000000001
4981,99.62
4982,99.64
4983,99.66
4984,99.68
4985,99.7
4986,99.72
4987,99.74000000000001
4988,99.76
4989,99.78
4990,99.8
4991,99.82000000000001
4992,99.84
4993,99.86
4994,99.88
4995,99.9
4996,99.92
4997,99.94
4998,99.96000000000001
4999,99.98
